{
    "viagens":[
        {
            "id": "1",
            "nome": "Japão",
            "resumo": "(Resumo da viagem)",
            "imagem": "https://t3.ftcdn.net/jpg/02/65/23/70/360_F_265237090_Muthvb72m2POYFjyx7F5UCQLh9JdBtKN.jpg"
        },
        {
            "id": "2",
            "nome":"Rio de Janeiro",
            "resumo": "(Resumo da viagem)",
            "imagem": "https://revistaazul.voeazul.com.br/wp-content/uploads/2023/03/muito-alem-da-praia-saiba-o-que-fazer-no-rio-de-janeiro.jpeg"
        }
    ],
    "feedback":[
        {
            "id": "1",
            "foto": "https://img.freepik.com/fotos-gratis/mulher-de-negocios-elegante-e-confiante-sorrindo_176420-19466.jpg",
            "nome": "Júlia Lima",
            "feedback":"Feedback-usuário"
        },
        {
            "id": "2",
            "foto": "https://img.freepik.com/fotos-gratis/retrato-de-homem-feliz-e-sorridente_23-2149022620.jpg?size=626&ext=jpg&ga=GA1.1.2082370165.1715904000&semt=ais_user",
            "nome": "Marcos Viera",
            "feedback":"Feedback-usuário"
        },
        {
            "id": "3",
            "foto": "https://media.istockphoto.com/id/1326417862/pt/foto/young-woman-laughing-while-relaxing-at-home.jpg?b=1&s=612x612&w=0&k=20&c=5Zk9V33BwjYsbvoVtNEuPs3xiI64bvTuNSKFPKTq0f0=",
            "nome": "Marina Silva",
            "feedback":"Feedback-usuário"
        }
    ]
}

